period_end,label,is_lump,building,rent_received,owner_rent,kahrama,wifi,profit
2025-08-31,Aug 2025,1,Doha Al Jadeed 21,7900.00,28000.00,0.00,0.00,-20100.00
2025-08-31,Aug 2025,1,Thumama 20,7900.00,39000.00,0.00,0.00,-31100.00
2025-08-31,Aug 2025,1,Thumama 68,0.00,14000.00,0.00,0.00,-14000.00
2025-09-30,Sep 2025,0,Doha Al Jadeed 21,16600.00,0.00,0.00,0.00,16600.00
2025-09-30,Sep 2025,0,Thumama 20,15400.00,0.00,0.00,0.00,15400.00
2025-09-30,Sep 2025,0,Thumama 66,12850.00,0.00,0.00,0.00,12850.00
2025-09-30,Sep 2025,0,Thumama 68,7500.00,0.00,0.00,0.00,7500.00
2025-10-31,Oct 2025,0,Ain Khalid 12,0.00,0.00,395.66,15.55,-411.21
2025-10-31,Oct 2025,0,Doha Al Jadeed 21,33400.00,0.00,1761.05,69.33,31569.62
2025-10-31,Oct 2025,0,Mathar Qadeem 56,0.00,0.00,325.69,12.80,-338.49
2025-10-31,Oct 2025,0,Al Mansoura 130,0.00,0.00,738.24,29.02,-767.26
2025-10-31,Oct 2025,0,Muaither 21,0.00,0.00,434.26,17.07,-451.33
2025-10-31,Oct 2025,0,Al Ghanim Al Ateeq 48,0.00,0.00,1129.07,44.38,-1173.45
2025-10-31,Oct 2025,0,Thumama 20,11400.00,0.00,376.36,14.79,11008.85
2025-10-31,Oct 2025,0,Thumama 27,0.00,0.00,301.57,11.85,-313.42
2025-10-31,Oct 2025,0,Thumama 66,19100.00,0.00,303.98,11.95,18784.07
2025-10-31,Oct 2025,0,Thumama 68,11550.00,0.00,337.76,13.28,11198.96
2025-10-31,Oct 2025,0,Markhiya 12,0.00,0.00,154.40,6.07,-160.47
2025-10-31,Oct 2025,0,Markhiya 16,0.00,0.00,154.40,6.07,-160.47
2025-10-31,Oct 2025,0,Markhiya 17,0.00,0.00,154.40,6.07,-160.47
2025-10-31,Oct 2025,0,Markhiya 19,0.00,0.00,154.40,6.07,-160.47
2025-10-31,Oct 2025,0,Markhiya 20,0.00,0.00,154.40,6.07,-160.47
2025-10-31,Oct 2025,0,Markhiya 35,0.00,0.00,154.40,6.07,-160.47
2025-10-31,Oct 2025,0,Markhiya 37,0.00,0.00,154.40,6.07,-160.47
2025-10-31,Oct 2025,0,Markhiya 39,0.00,0.00,154.40,6.07,-160.47
2025-10-31,Oct 2025,0,Markhiya 45,0.00,0.00,154.40,6.07,-160.47
2025-10-31,Oct 2025,0,Markhiya 58,0.00,0.00,154.40,6.07,-160.47
2025-10-31,Oct 2025,0,Umm Guwailina 169,0.00,0.00,434.26,17.07,-451.33
2025-10-31,Oct 2025,0,Umm Guwailina 20,0.00,0.00,770.81,30.30,-801.11
2025-11-30,Nov 2025,0,Ain Khalid 12,29700.00,20000.00,395.66,15.55,9288.79
2025-11-30,Nov 2025,0,Doha Al Jadeed 21,94400.00,78000.00,1761.15,69.23,14569.62
2025-11-30,Nov 2025,0,Mathar Qadeem 56,22600.00,15000.00,325.69,12.80,7261.51
2025-11-30,Nov 2025,0,Al Mansoura 130,34550.00,34000.00,738.24,29.02,-217.26
2025-11-30,Nov 2025,0,Muaither 21,28000.00,20000.00,434.26,17.07,7548.67
2025-11-30,Nov 2025,0,Al Ghanim Al Ateeq 48,63600.00,52000.00,1129.07,44.38,10426.55
2025-11-30,Nov 2025,0,Thumama 20,14400.00,0.00,376.36,14.79,14008.85
2025-11-30,Nov 2025,0,Thumama 27,0.00,0.00,301.57,11.85,-313.42
2025-11-30,Nov 2025,0,Thumama 66,19100.00,14000.00,303.98,11.95,4784.07
2025-11-30,Nov 2025,0,Thumama 68,12633.00,14000.00,337.76,13.28,-1718.04
2025-11-30,Nov 2025,0,Markhiya 12,0.00,0.00,154.40,6.07,-160.47
2025-11-30,Nov 2025,0,Markhiya 16,0.00,0.00,154.40,6.07,-160.47
2025-11-30,Nov 2025,0,Markhiya 17,0.00,0.00,154.40,6.07,-160.47
2025-11-30,Nov 2025,0,Markhiya 19,0.00,0.00,154.40,6.07,-160.47
2025-11-30,Nov 2025,0,Markhiya 20,0.00,0.00,154.40,6.07,-160.47
2025-11-30,Nov 2025,0,Markhiya 35,0.00,0.00,154.40,6.07,-160.47
2025-11-30,Nov 2025,0,Markhiya 37,0.00,0.00,154.40,6.07,-160.47
2025-11-30,Nov 2025,0,Markhiya 39,0.00,0.00,154.40,6.07,-160.47
2025-11-30,Nov 2025,0,Markhiya 45,0.00,0.00,154.40,6.07,-160.47
2025-11-30,Nov 2025,0,Markhiya 58,0.00,0.00,154.40,6.07,-160.47
2025-11-30,Nov 2025,0,Umm Guwailina 169,34600.00,0.00,434.26,17.07,34148.67
2025-11-30,Nov 2025,0,Umm Guwailina 20,0.00,0.00,770.81,30.30,-801.11
2025-12-31,Dec 2025,0,Ain Khalid 12,29800.00,18000.00,395.66,15.55,11388.79
2025-12-31,Dec 2025,0,Doha Al Jadeed 21,85400.00,78000.00,1761.15,69.23,5569.62
2025-12-31,Dec 2025,0,Mathar Qadeem 56,22600.00,15000.00,325.69,12.80,7261.51
2025-12-31,Dec 2025,0,Al Mansoura 130,37300.00,34000.00,738.24,29.02,2532.74
2025-12-31,Dec 2025,0,Muaither 21,28000.00,20000.00,434.26,17.07,7548.67
2025-12-31,Dec 2025,0,Al Ghanim Al Ateeq 48,63600.00,52000.00,1129.07,44.38,10426.55
2025-12-31,Dec 2025,0,Thumama 20,18200.00,39000.00,376.36,14.79,-21191.15
2025-12-31,Dec 2025,0,Thumama 27,0.00,0.00,301.57,11.85,-313.42
2025-12-31,Dec 2025,0,Thumama 66,16400.00,14000.00,303.98,11.95,2084.07
2025-12-31,Dec 2025,0,Thumama 68,18300.00,14000.00,337.76,13.28,3948.96
2025-12-31,Dec 2025,0,Markhiya 12,0.00,0.00,154.40,6.07,-160.47
2025-12-31,Dec 2025,0,Markhiya 16,0.00,0.00,154.40,6.07,-160.47
2025-12-31,Dec 2025,0,Markhiya 17,0.00,0.00,154.40,6.07,-160.47
2025-12-31,Dec 2025,0,Markhiya 19,0.00,0.00,154.40,6.07,-160.47
2025-12-31,Dec 2025,0,Markhiya 20,0.00,0.00,154.40,6.07,-160.47
2025-12-31,Dec 2025,0,Markhiya 35,0.00,0.00,154.40,6.07,-160.47
2025-12-31,Dec 2025,0,Markhiya 37,0.00,0.00,154.40,6.07,-160.47
2025-12-31,Dec 2025,0,Markhiya 39,0.00,0.00,154.40,6.07,-160.47
2025-12-31,Dec 2025,0,Markhiya 45,0.00,0.00,154.40,6.07,-160.47
2025-12-31,Dec 2025,0,Markhiya 58,0.00,0.00,154.40,6.07,-160.47
2025-12-31,Dec 2025,0,Umm Guwailina 169,33500.00,0.00,434.26,17.07,33048.67
2025-12-31,Dec 2025,0,Umm Guwailina 20,0.00,0.00,770.81,30.30,-801.11
2026-01-31,Jan 2026,0,Ain Khalid 12,26400.00,18000.00,395.66,15.55,7988.79
2026-01-31,Jan 2026,0,Doha Al Jadeed 21,78800.00,78000.00,1761.15,69.23,-1030.38
2026-01-31,Jan 2026,0,Mathar Qadeem 56,20500.00,15000.00,325.69,12.80,5161.51
2026-01-31,Jan 2026,0,Al Mansoura 130,45100.00,34000.00,738.24,29.02,10332.74
2026-01-31,Jan 2026,0,Muaither 21,28000.00,20000.00,434.26,17.07,7548.67
2026-01-31,Jan 2026,0,Al Ghanim Al Ateeq 48,63600.00,52000.00,1129.07,44.38,10426.55
2026-01-31,Jan 2026,0,Thumama 20,21000.00,0.00,376.36,14.79,20608.85
2026-01-31,Jan 2026,0,Thumama 27,0.00,0.00,301.57,11.85,-313.42
2026-01-31,Jan 2026,0,Thumama 66,20250.00,14000.00,303.98,11.95,5934.07
2026-01-31,Jan 2026,0,Thumama 68,19600.00,14000.00,337.76,13.28,5248.96
2026-01-31,Jan 2026,0,Markhiya 12,0.00,0.00,154.40,6.07,-160.47
2026-01-31,Jan 2026,0,Markhiya 16,0.00,0.00,154.40,6.07,-160.47
2026-01-31,Jan 2026,0,Markhiya 17,0.00,0.00,154.40,6.07,-160.47
2026-01-31,Jan 2026,0,Markhiya 19,0.00,0.00,154.40,6.07,-160.47
2026-01-31,Jan 2026,0,Markhiya 20,0.00,0.00,154.40,6.07,-160.47
2026-01-31,Jan 2026,0,Markhiya 35,0.00,0.00,154.40,6.07,-160.47
2026-01-31,Jan 2026,0,Markhiya 37,0.00,0.00,154.40,6.07,-160.47
2026-01-31,Jan 2026,0,Markhiya 39,0.00,0.00,154.40,6.07,-160.47
2026-01-31,Jan 2026,0,Markhiya 45,0.00,0.00,154.40,6.07,-160.47
2026-01-31,Jan 2026,0,Markhiya 58,0.00,0.00,154.40,6.07,-160.47
2026-01-31,Jan 2026,0,Umm Guwailina 169,35400.00,0.00,434.26,17.07,34948.67
2026-01-31,Jan 2026,0,Umm Guwailina 20,0.00,0.00,770.81,30.30,-801.11
2026-02-28,Feb 2026,0,Ain Khalid 12,26400.00,18000.00,395.66,15.55,7988.79
2026-02-28,Feb 2026,0,Doha Al Jadeed 21,86900.00,78000.00,1761.15,69.23,7069.62
2026-02-28,Feb 2026,0,Mathar Qadeem 56,22500.00,15000.00,325.69,12.80,7161.51
2026-02-28,Feb 2026,0,Al Mansoura 130,38900.00,34000.00,738.24,29.02,4132.74
2026-02-28,Feb 2026,0,Muaither 21,28000.00,20000.00,434.26,17.07,7548.67
2026-02-28,Feb 2026,0,Al Ghanim Al Ateeq 48,63600.00,52000.00,1129.07,44.38,10426.55
2026-02-28,Feb 2026,0,Thumama 20,20000.00,0.00,376.36,14.79,19608.85
2026-02-28,Feb 2026,0,Thumama 27,4500.00,0.00,301.57,11.85,4186.58
2026-02-28,Feb 2026,0,Thumama 66,20650.00,14000.00,303.98,11.95,6334.07
2026-02-28,Feb 2026,0,Thumama 68,19800.00,14000.00,337.76,13.28,5448.96
2026-02-28,Feb 2026,0,Markhiya 12,0.00,0.00,154.40,6.07,-160.47
2026-02-28,Feb 2026,0,Markhiya 16,0.00,0.00,154.40,6.07,-160.47
2026-02-28,Feb 2026,0,Markhiya 17,0.00,0.00,154.40,6.07,-160.47
2026-02-28,Feb 2026,0,Markhiya 19,0.00,0.00,154.40,6.07,-160.47
2026-02-28,Feb 2026,0,Markhiya 20,0.00,0.00,154.40,6.07,-160.47
2026-02-28,Feb 2026,0,Markhiya 35,0.00,0.00,154.40,6.07,-160.47
2026-02-28,Feb 2026,0,Markhiya 37,0.00,0.00,154.40,6.07,-160.47
2026-02-28,Feb 2026,0,Markhiya 39,0.00,0.00,154.40,6.07,-160.47
2026-02-28,Feb 2026,0,Markhiya 45,0.00,0.00,154.40,6.07,-160.47
2026-02-28,Feb 2026,0,Markhiya 58,0.00,0.00,154.40,6.07,-160.47
2026-02-28,Feb 2026,0,Umm Guwailina 169,36200.00,30000.00,434.26,17.07,5748.67
2026-02-28,Feb 2026,0,Umm Guwailina 20,41100.00,39500.00,770.81,30.30,798.89
2026-03-31,Mar 2026,0,Ain Khalid 12,29400.00,18000.00,395.66,15.55,10988.79
2026-03-31,Mar 2026,0,Doha Al Jadeed 21,86900.00,78000.00,1761.15,69.23,7069.62
2026-03-31,Mar 2026,0,Mathar Qadeem 56,21100.00,15000.00,325.69,12.80,5761.51
2026-03-31,Mar 2026,0,Al Mansoura 130,48850.00,34000.00,738.24,29.02,14082.74
2026-03-31,Mar 2026,0,Muaither 21,28000.00,20000.00,434.26,17.07,7548.67
2026-03-31,Mar 2026,0,Al Ghanim Al Ateeq 48,63600.00,52000.00,1129.07,44.38,10426.55
2026-03-31,Mar 2026,0,Thumama 20,21000.00,39000.00,376.36,14.79,-18391.15
2026-03-31,Mar 2026,0,Thumama 27,21700.00,25000.00,301.57,11.85,-3613.42
2026-03-31,Mar 2026,0,Thumama 66,21050.00,14000.00,303.98,11.95,6734.07
2026-03-31,Mar 2026,0,Thumama 68,19800.00,14000.00,337.76,13.28,5448.96
2026-03-31,Mar 2026,0,Markhiya 12,22100.00,16000.00,154.40,6.07,5939.53
2026-03-31,Mar 2026,0,Markhiya 16,26000.00,0.00,154.40,6.07,25839.53
2026-03-31,Mar 2026,0,Markhiya 17,24750.00,16000.00,154.40,6.07,8589.53
2026-03-31,Mar 2026,0,Markhiya 19,24800.00,16000.00,154.40,6.07,8639.53
2026-03-31,Mar 2026,0,Markhiya 20,25550.00,0.00,154.40,6.07,25389.53
2026-03-31,Mar 2026,0,Markhiya 35,29250.00,16000.00,154.40,6.07,13089.53
2026-03-31,Mar 2026,0,Markhiya 37,24750.00,16000.00,154.40,6.07,8589.53
2026-03-31,Mar 2026,0,Markhiya 39,27450.00,16000.00,154.40,6.07,11289.53
2026-03-31,Mar 2026,0,Markhiya 45,23100.00,0.00,154.40,6.07,22939.53
2026-03-31,Mar 2026,0,Markhiya 58,20850.00,0.00,154.40,6.07,20689.53
2026-03-31,Mar 2026,0,Umm Guwailina 169,36200.00,30000.00,434.26,17.07,5748.67
2026-03-31,Mar 2026,0,Umm Guwailina 20,57100.00,56000.00,770.81,30.30,298.89
2026-04-30,Apr 2026,0,Ain Khalid 12,23700.00,18000.00,395.66,15.55,5288.79
2026-04-30,Apr 2026,0,Doha Al Jadeed 21,80000.00,78000.00,1761.15,69.23,169.62
2026-04-30,Apr 2026,0,Mathar Qadeem 56,17200.00,15000.00,325.69,12.80,1861.51
2026-04-30,Apr 2026,0,Al Mansoura 130,44600.00,34000.00,738.24,29.02,9832.74
2026-04-30,Apr 2026,0,Muaither 21,28000.00,20000.00,434.26,17.07,7548.67
2026-04-30,Apr 2026,0,Al Ghanim Al Ateeq 48,63600.00,52000.00,1129.07,44.38,10426.55
2026-04-30,Apr 2026,0,Thumama 20,7600.00,0.00,376.36,14.79,7208.85
2026-04-30,Apr 2026,0,Thumama 27,30600.00,25000.00,301.57,11.85,5286.58
2026-04-30,Apr 2026,0,Thumama 66,16550.00,14000.00,303.98,11.95,2234.07
2026-04-30,Apr 2026,0,Thumama 68,16500.00,14000.00,337.76,13.28,2148.96
2026-04-30,Apr 2026,0,Markhiya 12,23550.00,16000.00,154.40,6.07,7389.53
2026-04-30,Apr 2026,0,Markhiya 16,25800.00,0.00,154.40,6.07,25639.53
2026-04-30,Apr 2026,0,Markhiya 17,22250.00,16000.00,154.40,6.07,6089.53
2026-04-30,Apr 2026,0,Markhiya 19,24700.00,16000.00,154.40,6.07,8539.53
2026-04-30,Apr 2026,0,Markhiya 20,28050.00,0.00,154.40,6.07,27889.53
2026-04-30,Apr 2026,0,Markhiya 35,28050.00,16000.00,154.40,6.07,11889.53
2026-04-30,Apr 2026,0,Markhiya 37,24750.00,16000.00,154.40,6.07,8589.53
2026-04-30,Apr 2026,0,Markhiya 39,25900.00,16000.00,154.40,6.07,9739.53
2026-04-30,Apr 2026,0,Markhiya 45,18975.00,0.00,154.40,6.07,18814.53
2026-04-30,Apr 2026,0,Markhiya 58,24800.00,0.00,154.40,6.07,24639.53
2026-04-30,Apr 2026,0,Umm Guwailina 169,35600.00,30000.00,434.26,17.07,5148.67
2026-04-30,Apr 2026,0,Umm Guwailina 20,56700.00,56000.00,770.81,30.30,-101.11
2026-05-31,May 2026,0,Ain Khalid 12,23700.00,18000.00,395.66,15.55,5288.79
2026-05-31,May 2026,0,Doha Al Jadeed 21,82724.00,78000.00,1761.15,69.23,2893.62
2026-05-31,May 2026,0,Mathar Qadeem 56,12500.00,15000.00,325.69,12.80,-2838.49
2026-05-31,May 2026,0,Al Mansoura 130,35100.00,34000.00,738.24,29.02,332.74
2026-05-31,May 2026,0,Muaither 21,28000.00,20000.00,434.26,17.07,7548.67
2026-05-31,May 2026,0,Al Ghanim Al Ateeq 48,63600.00,52000.00,1129.07,44.38,10426.55
2026-05-31,May 2026,0,Thumama 20,11400.00,0.00,376.36,14.79,11008.85
2026-05-31,May 2026,0,Thumama 27,37750.00,25000.00,301.57,11.85,12436.58
2026-05-31,May 2026,0,Thumama 66,16550.00,14000.00,303.98,11.95,2234.07
2026-05-31,May 2026,0,Thumama 68,14100.00,14000.00,337.76,13.28,-251.04
2026-05-31,May 2026,0,Markhiya 12,26000.00,16000.00,154.40,6.07,9839.53
2026-05-31,May 2026,0,Markhiya 16,24950.00,16000.00,154.40,6.07,8789.53
2026-05-31,May 2026,0,Markhiya 17,22650.00,16000.00,154.40,6.07,6489.53
2026-05-31,May 2026,0,Markhiya 19,24550.00,16000.00,154.40,6.07,8389.53
2026-05-31,May 2026,0,Markhiya 20,26650.00,16000.00,154.40,6.07,10489.53
2026-05-31,May 2026,0,Markhiya 35,28050.00,16000.00,154.40,6.07,11889.53
2026-05-31,May 2026,0,Markhiya 37,24550.00,16000.00,154.40,6.07,8389.53
2026-05-31,May 2026,0,Markhiya 39,26050.00,16000.00,154.40,6.07,9889.53
2026-05-31,May 2026,0,Markhiya 45,22500.00,16000.00,154.40,6.07,6339.53
2026-05-31,May 2026,0,Markhiya 58,24300.00,16000.00,154.40,6.07,8139.53
2026-05-31,May 2026,0,Umm Guwailina 169,34200.00,30000.00,434.26,17.07,3748.67
2026-05-31,May 2026,0,Umm Guwailina 20,46724.00,56000.00,770.81,30.30,-10077.11
2026-06-30,Jun 2026,0,Ain Khalid 12,26200.00,18000.00,395.66,15.55,7788.79
2026-06-30,Jun 2026,0,Doha Al Jadeed 21,77400.00,78000.00,1761.15,69.23,-2430.38
2026-06-30,Jun 2026,0,Mathar Qadeem 56,14200.00,15000.00,325.69,12.80,-1138.49
2026-06-30,Jun 2026,0,Al Mansoura 130,43765.00,34000.00,738.24,29.02,8997.74
2026-06-30,Jun 2026,0,Muaither 21,19900.00,20000.00,434.26,17.07,-551.33
2026-06-30,Jun 2026,0,Al Ghanim Al Ateeq 48,63600.00,52000.00,1129.07,44.38,10426.55
2026-06-30,Jun 2026,0,Thumama 20,22600.00,39000.00,376.36,14.79,-16791.15
2026-06-30,Jun 2026,0,Thumama 27,37950.00,25000.00,301.57,11.85,12636.58
2026-06-30,Jun 2026,0,Thumama 66,18550.00,14000.00,303.98,11.95,4234.07
2026-06-30,Jun 2026,0,Thumama 68,17400.00,14000.00,337.76,13.28,3048.96
2026-06-30,Jun 2026,0,Markhiya 12,18900.00,0.00,154.40,6.07,18739.53
2026-06-30,Jun 2026,0,Markhiya 16,23200.00,16000.00,154.40,6.07,7039.53
2026-06-30,Jun 2026,0,Markhiya 17,17700.00,16000.00,154.40,6.07,1539.53
2026-06-30,Jun 2026,0,Markhiya 19,17400.00,16000.00,154.40,6.07,1239.53
2026-06-30,Jun 2026,0,Markhiya 20,19200.00,16000.00,154.40,6.07,3039.53
2026-06-30,Jun 2026,0,Markhiya 35,15750.00,16000.00,154.40,6.07,-410.47
2026-06-30,Jun 2026,0,Markhiya 37,20100.00,16000.00,154.40,6.07,3939.53
2026-06-30,Jun 2026,0,Markhiya 39,21050.00,16000.00,154.40,6.07,4889.53
2026-06-30,Jun 2026,0,Markhiya 45,16150.00,16000.00,154.40,6.07,-10.47
2026-06-30,Jun 2026,0,Markhiya 58,16650.00,16000.00,154.40,6.07,489.53
2026-06-30,Jun 2026,0,Umm Guwailina 169,30550.00,30000.00,434.26,17.07,98.67
2026-06-30,Jun 2026,0,Umm Guwailina 20,47424.00,56000.00,770.81,30.30,-9377.11
2026-07-31,Jul 2026,0,Ain Khalid 12,26200.00,18000.00,395.66,15.55,7788.79
2026-07-31,Jul 2026,0,Doha Al Jadeed 21,84200.00,78000.00,1761.15,69.23,4369.62
2026-07-31,Jul 2026,0,Mathar Qadeem 56,15900.00,15000.00,325.69,12.80,561.51
2026-07-31,Jul 2026,0,Al Mansoura 130,50100.00,34000.00,738.24,29.02,15332.74
2026-07-31,Jul 2026,0,Muaither 21,18000.00,20000.00,434.26,17.07,-2451.33
2026-07-31,Jul 2026,0,Al Ghanim Al Ateeq 48,30100.00,52000.00,1129.07,44.38,-23073.45
2026-07-31,Jul 2026,0,Thumama 20,19800.00,0.00,376.36,14.79,19408.85
2026-07-31,Jul 2026,0,Thumama 27,36200.00,25000.00,301.57,11.85,10886.58
2026-07-31,Jul 2026,0,Thumama 66,17200.00,14000.00,303.98,11.95,2884.07
2026-07-31,Jul 2026,0,Thumama 68,10850.00,14000.00,337.76,13.28,-3501.04
2026-07-31,Jul 2026,0,Markhiya 12,21100.00,0.00,154.40,6.07,20939.53
2026-07-31,Jul 2026,0,Markhiya 16,22750.00,16000.00,154.40,6.07,6589.53
2026-07-31,Jul 2026,0,Markhiya 17,15200.00,16000.00,154.40,6.07,-960.47
2026-07-31,Jul 2026,0,Markhiya 19,19900.00,16000.00,154.40,6.07,3739.53
2026-07-31,Jul 2026,0,Markhiya 20,23500.00,16000.00,154.40,6.07,7339.53
2026-07-31,Jul 2026,0,Markhiya 35,21100.00,16000.00,154.40,6.07,4939.53
2026-07-31,Jul 2026,0,Markhiya 37,22900.00,16000.00,154.40,6.07,6739.53
2026-07-31,Jul 2026,0,Markhiya 39,23350.00,16000.00,154.40,6.07,7189.53
2026-07-31,Jul 2026,0,Markhiya 45,19600.00,16000.00,154.40,6.07,3439.53
2026-07-31,Jul 2026,0,Markhiya 58,16550.00,16000.00,154.40,6.07,389.53
2026-07-31,Jul 2026,0,Umm Guwailina 169,32400.00,30000.00,434.26,17.07,1948.67
2026-07-31,Jul 2026,0,Umm Guwailina 20,41074.00,56000.00,770.81,30.30,-15727.11
